{
    "nefertiti": {
        "qslim": {
            "r010": {
                "dpm": 0.0008281677146442235,
                "dnormal": 5.689333915710449,
                "render": 0.32930558919906616,
                "chamfer": 0.03134634345769882,
                "size": 179916
            },
            "r050": {
                "dpm": 0.00020101848349440843,
                "dnormal": 2.595850706100464,
                "render": 0.32811683416366577,
                "chamfer": 0.012759264558553696,
                "size": 899448
            },
            "r070": {
                "dpm": 8.897461520973593e-05,
                "dnormal": 1.9672328233718872,
                "render": 0.32818007469177246,
                "chamfer": 0.007560702972114086,
                "size": 1259232
            },
            "r030": {
                "dpm": 0.00036505155730992556,
                "dnormal": 3.437770366668701,
                "render": 0.3285892605781555,
                "chamfer": 0.018697718158364296,
                "size": 539664
            },
            "r060": {
                "dpm": 0.0001455930614611134,
                "dnormal": 2.2885186672210693,
                "render": 0.3280697166919708,
                "chamfer": 0.01008244976401329,
                "size": 1079340
            },
            "r001": {
                "dpm": 0.003663832787424326,
                "dnormal": 12.631068229675293,
                "render": 0.33194953203201294,
                "chamfer": 0.0831281915307045,
                "size": 17988
            },
            "r080": {
                "dpm": 5.293055437505245e-05,
                "dnormal": 1.728723406791687,
                "render": 0.3278161883354187,
                "chamfer": 0.004897108301520348,
                "size": 1439124
            },
            "r005": {
                "dpm": 0.001285217935219407,
                "dnormal": 7.333710670471191,
                "render": 0.3301336169242859,
                "chamfer": 0.04145423322916031,
                "size": 89952
            },
            "r040": {
                "dpm": 0.0002819693472702056,
                "dnormal": 3.026045560836792,
                "render": 0.3283461630344391,
                "chamfer": 0.015595244243741035,
                "size": 719556
            },
            "r020": {
                "dpm": 0.0005053733475506306,
                "dnormal": 4.192962646484375,
                "render": 0.3287527561187744,
                "chamfer": 0.02305319532752037,
                "size": 359808
            },
            "r090": {
                "dpm": 2.6283647457603365e-05,
                "dnormal": 1.5551289319992065,
                "render": 0.32781141996383667,
                "chamfer": 0.0024370041210204363,
                "size": 1619016
            }
        },
        "onion": {
            "linear": {
                "r2": {
                    "dpm": 0.006348638329654932,
                    "dnormal": 50.68399429321289,
                    "render": 0.33286720514297485,
                    "chamfer": 0.09167253971099854,
                    "size": 109756
                },
                "r4": {
                    "dpm": 0.002131120068952441,
                    "dnormal": 10.042122840881348,
                    "render": 0.32934799790382385,
                    "chamfer": 0.038927145302295685,
                    "size": 109756
                },
                "r8": {
                    "dpm": 0.0018650204874575138,
                    "dnormal": 5.488976001739502,
                    "render": 0.32862588763237,
                    "chamfer": 0.02321573905646801,
                    "size": 109756
                },
                "r16": {
                    "dpm": 0.0018812466878443956,
                    "dnormal": 4.856170177459717,
                    "render": 0.32869356870651245,
                    "chamfer": 0.016985014081001282,
                    "size": 109756
                }
            }
        },
        "pos": {
            "linear": {
                "r2": {
                    "dpm": 0.00602693110704422,
                    "dnormal": 51.410396575927734,
                    "render": 0.3321027457714081,
                    "chamfer": 0.0936601534485817,
                    "size": 109748
                },
                "r4": {
                    "dpm": 0.0018621168565005064,
                    "dnormal": 9.831167221069336,
                    "render": 0.3290236294269562,
                    "chamfer": 0.0394202284514904,
                    "size": 109748
                },
                "r8": {
                    "dpm": 0.0016693903598934412,
                    "dnormal": 5.599939346313477,
                    "render": 0.3283064663410187,
                    "chamfer": 0.023182107135653496,
                    "size": 109748
                },
                "r16": {
                    "dpm": 0.0016795666888356209,
                    "dnormal": 5.037309169769287,
                    "render": 0.3283839225769043,
                    "chamfer": 0.01678510755300522,
                    "size": 109748
                }
            }
        }
    }
}