{
    "nefertiti": {
        "morlet": {
            "enc": {
                "cubic_mesh": {
                    "dpm": 0.002996633527800441,
                    "dnormal": 8.214720726013184
                }
            }
        }
    }
}