{
    "nefertiti": {
        "qslim": {
            "r010": {
                "dpm": 0.00082737224875018,
                "dnormal": 5.677677154541016,
                "size": 179916
            },
            "r090": {
                "dpm": 2.630401650094427e-05,
                "dnormal": 1.553723692893982,
                "size": 1619016
            },
            "r050": {
                "dpm": 0.0002011638571275398,
                "dnormal": 2.5933420658111572,
                "size": 899448
            },
            "r001": {
                "dpm": 0.0036668197717517614,
                "dnormal": 12.626755714416504,
                "size": 17988
            }
        },
        "pos": {
            "floor": {
                "r2": {
                    "dpm": 0.008464319631457329,
                    "dnormal": 14.437944412231445,
                    "size": 109748
                },
                "r4": {
                    "dpm": 0.0047191777266561985,
                    "dnormal": 7.954845905303955,
                    "size": 109748
                },
                "r8": {
                    "dpm": 0.0046339742839336395,
                    "dnormal": 6.794517993927002,
                    "size": 109748
                },
                "r16": {
                    "dpm": 0.004652146715670824,
                    "dnormal": 7.110849380493164,
                    "size": 109748
                }
            },
            "cubic": {
                "r2": {
                    "dpm": 0.03137107565999031,
                    "dnormal": 19.286100387573242,
                    "size": 109748
                },
                "r4": {
                    "dpm": 0.02635432593524456,
                    "dnormal": 26.73641014099121,
                    "size": 109748
                },
                "r8": {
                    "dpm": 0.021723637357354164,
                    "dnormal": 45.361778259277344,
                    "size": 109748
                },
                "r16": {
                    "dpm": 0.018130891025066376,
                    "dnormal": 54.53379821777344,
                    "size": 109748
                }
            },
            "linear": {
                "r2": {
                    "dpm": 0.007988566532731056,
                    "dnormal": 14.484006881713867,
                    "size": 109748
                },
                "r4": {
                    "dpm": 0.004339098464697599,
                    "dnormal": 7.84858512878418,
                    "size": 109748
                },
                "r8": {
                    "dpm": 0.0042573693208396435,
                    "dnormal": 6.740966796875,
                    "size": 109748
                },
                "r16": {
                    "dpm": 0.004272629041224718,
                    "dnormal": 7.057712078094482,
                    "size": 109748
                }
            },
            "smooth": {
                "r2": {
                    "dpm": 0.008528064005076885,
                    "dnormal": 14.482608795166016,
                    "size": 109748
                },
                "r4": {
                    "dpm": 0.0047393012791872025,
                    "dnormal": 7.917300701141357,
                    "size": 109748
                },
                "r8": {
                    "dpm": 0.0046002925373613834,
                    "dnormal": 6.897381782531738,
                    "size": 109748
                },
                "r16": {
                    "dpm": 0.004601903259754181,
                    "dnormal": 7.208089351654053,
                    "size": 109748
                }
            },
            "sin": {
                "r2": {
                    "dpm": 0.010751643218100071,
                    "dnormal": 14.735310554504395,
                    "size": 109748
                },
                "r4": {
                    "dpm": 0.011321823112666607,
                    "dnormal": 18.224346160888672,
                    "size": 109748
                },
                "r8": {
                    "dpm": 0.01074807345867157,
                    "dnormal": 26.682113647460938,
                    "size": 109748
                },
                "r16": {
                    "dpm": 0.010397630743682384,
                    "dnormal": 37.547767639160156,
                    "size": 109748
                }
            }
        },
        "onion": {
            "sin": {
                "r2": {
                    "dpm": 0.009594351053237915,
                    "dnormal": 14.728437423706055,
                    "size": 109756
                },
                "r4": {
                    "dpm": 0.010804258286952972,
                    "dnormal": 17.225547790527344,
                    "size": 109756
                },
                "r8": {
                    "dpm": 0.010334044694900513,
                    "dnormal": 25.051002502441406,
                    "size": 109756
                },
                "r16": {
                    "dpm": 0.009874911978840828,
                    "dnormal": 37.08773422241211,
                    "size": 109756
                }
            },
            "linear": {
                "r2": {
                    "dpm": 0.008277020417153835,
                    "dnormal": 14.246794700622559,
                    "size": 109756
                },
                "r4": {
                    "dpm": 0.004145160783082247,
                    "dnormal": 7.67330265045166,
                    "size": 109756
                },
                "r8": {
                    "dpm": 0.003936599008738995,
                    "dnormal": 6.392721176147461,
                    "size": 109756
                },
                "r16": {
                    "dpm": 0.003924408927559853,
                    "dnormal": 6.633796691894531,
                    "size": 109756
                }
            },
            "floor": {
                "r2": {
                    "dpm": 0.007817053236067295,
                    "dnormal": 14.463272094726562,
                    "size": 109756
                },
                "r4": {
                    "dpm": 0.004417869728058577,
                    "dnormal": 7.764405727386475,
                    "size": 109756
                },
                "r8": {
                    "dpm": 0.004414810799062252,
                    "dnormal": 6.666441440582275,
                    "size": 109756
                },
                "r16": {
                    "dpm": 0.0044682929292321205,
                    "dnormal": 7.1384663581848145,
                    "size": 109756
                }
            },
            "smooth": {
                "r2": {
                    "dpm": 0.00940394401550293,
                    "dnormal": 14.565142631530762,
                    "size": 109756
                },
                "r4": {
                    "dpm": 0.004937937017530203,
                    "dnormal": 7.7429280281066895,
                    "size": 109756
                },
                "r8": {
                    "dpm": 0.004672153387218714,
                    "dnormal": 6.470855236053467,
                    "size": 109756
                },
                "r16": {
                    "dpm": 0.004648643080145121,
                    "dnormal": 6.7236199378967285,
                    "size": 109756
                }
            }
        },
        "feat": {
            "linear": {
                "r2": {
                    "dpm": 0.012850501574575901,
                    "dnormal": 14.942034721374512,
                    "size": 196788
                },
                "r4": {
                    "dpm": 0.00875178538262844,
                    "dnormal": 8.396319389343262,
                    "size": 196788
                },
                "r8": {
                    "dpm": 0.008431424386799335,
                    "dnormal": 7.3577117919921875,