{"ngf": [[169544, 2.7854162908624858e-05], [331592, 2.4805656721582636e-05], [72392, 7.71753111621365e-05], [88584, 4.581933171721175e-05]], "mcgim": [[185520, 0.0001796127762645483], [124080, 0.00037741323467344046], [339125, 5.779825005447492e-05], [308405, 6.552558625116944e-05], [62640, 0.0008725359220989048], [216240, 0.00012289840378798544], [246960, 0.00010304321767762303], [431285, 4.3725020077545196e-05]], "neural-mcgim": [[336169, 9.757130465004593e-05], [324186, 0.00011829727736767381], [316186, 0.0001966451818589121], [348201, 8.509140752721578e-05], [320154, 0.00017346517415717244], [332201, 0.00010244644363410771], [308186, 0.00037927698576822877], [300186, 0.0008717288146726787]]}